{"negative": 0.7777777777777778, "positive": 0.2222222222222222}