{"timestamp": "2025-09-21T21:00:08.789566", "current_distribution": {"positive": 0.1111111111111111, "negative": 0.8888888888888888}, "baseline_distribution": {"negative": 0.7777777777777778, "positive": 0.2222222222222222}, "psi": 0.0918531747982742, "output_shift": -0.1111111111111111}