{"timestamp": "2025-09-23T06:12:02.267014", "current_distribution": {"negative": 0.7777777777777778, "positive": 0.2222222222222222}, "baseline_distribution": {"negative": 0.7777777777777778, "positive": 0.2222222222222222}, "psi": 0.0, "output_shift": 0.0}