{"timestamp": "2025-09-22T04:00:01.535530", "current_distribution": {"negative": 0.875, "positive": 0.125}, "baseline_distribution": {"negative": 0.7777777777777778, "positive": 0.2222222222222222}, "psi": 0.06738930922110578, "output_shift": -0.09722222222222221}