{"timestamp": "2025-09-23T03:08:31.118417", "current_distribution": {"negative": 0.8, "positive": 0.2}, "baseline_distribution": {"negative": 0.7777777777777778, "positive": 0.2222222222222222}, "psi": 0.002967364280544945, "output_shift": -0.0222222222222222}