{"timestamp": "2025-09-22T16:00:10.048224", "current_distribution": {"positive": 0.2222222222222222, "negative": 0.7777777777777778}, "baseline_distribution": {"negative": 0.7777777777777778, "positive": 0.2222222222222222}, "psi": 0.0, "output_shift": 0.0}