{"timestamp": "2025-09-22T08:01:24.311046", "current_distribution": {"negative": 0.7, "positive": 0.3}, "baseline_distribution": {"negative": 0.7777777777777778, "positive": 0.2222222222222222}, "psi": 0.03153617507507947, "output_shift": 0.07777777777777778}