{"timestamp": "2025-09-22T12:19:53.711541", "current_distribution": {"positive": 0.2, "negative": 0.8}, "baseline_distribution": {"negative": 0.7777777777777778, "positive": 0.2222222222222222}, "psi": 0.002967364280544945, "output_shift": -0.0222222222222222}