{"timestamp": "2025-09-22T07:07:00.639270", "current_distribution": {"negative": 0.75, "positive": 0.25}, "baseline_distribution": {"negative": 0.7777777777777778, "positive": 0.2222222222222222}, "psi": 0.004281963328534954, "output_shift": 0.02777777777777779}