{"timestamp": "2025-09-23T06:11:58.499372", "current_distribution": {"positive": 0.375, "negative": 0.625}, "baseline_distribution": {"negative": 0.7777777777777778, "positive": 0.2222222222222222}, "psi": 0.11335153877809932, "output_shift": 0.1527777777777778}