{"timestamp": "2025-09-22T00:12:15.031696", "current_distribution": {"positive": 0.3333333333333333, "negative": 0.6666666666666666}, "baseline_distribution": {"negative": 0.7777777777777778, "positive": 0.2222222222222222}, "psi": 0.062179531992824756, "output_shift": 0.1111111111111111}