{"timestamp": "2025-09-22T07:07:05.390084", "current_distribution": {"positive": 1.0}, "baseline_distribution": {"negative": 0.7777777777777778, "positive": 0.2222222222222222}, "psi": 8.137073362216837, "output_shift": 0.7777777777777778}